agent_id,agent_name,agent_email,agent_phone,branch_id,create_timestamp
2001,Kristel Sealove,ksealove0@chronoengine.com,3407666314,2289,44:01.0
2002,Niel  Quhan,nmquhan1@mac.com,5631758726,2138,16:52.0
2003,,bcreeber2@sitemeter.com,3509759144,2138,05:23.0
2004,Rutledge Aindriu,raindriu3@cbsnews.com,6314963878,2481,04:13.0
2005,Cherey Astill,castill4@163.com,7454714899,2152,37:00.0
2006,,sdrissell5@cyberchimps.com,2432547349,2464,13:42.0
2007,Jenelle Oliveto,joliveto6@usgs.gov,4641806529,2370,34:48.0
2008,Ruperta Symcock,rsymcock7@freewebs.com,5349539503,2109,51:50.0
2009,Gearalt Domenichelli,gdomenichelli8@ed.gov,6204859637,2012,08:23.0
2010,Dud Doxey,ddoxey9@statcounter.com,7392004283,2160,34:54.0
2011,Cherrita Breakspear,cbreakspeara@wix.com,8305971141,2331,38:23.0
2012,Erl Pennyman,epennymanb@youku.com,5282979548,2149,10:18.0
2013,Rudolfo Sweetmore,rsweetmorec@sohu.com,1064011388,2426,58:03.0
2014,Rod Cahill,rcahilld@over-blog.com,6739710574,2100,07:36.0
2015,Dori Cogar,dcogare@amazon.co.uk,2423227268,2231,19:30.0
2016,Aggi MacUchadair,amacuchadairf@ovh.net,7241568174,2222,19:09.0
2017,Peter Gresley,pgresleyg@elegantthemes.com,5311094776,2122,49:25.0
2018,Avrit Casbourne,acasbourneh@plala.or.jp,6246176223,2077,36:16.0
2019,Darn Spooner,dspooneri@liveinternet.ru,8346973086,2357,31:38.0
2020,Kathlin Cammoile,kcammoilej@sohu.com,9924767144,2356,11:46.0
2021,Wilfred Ganley,wganleyk@deliciousdays.com,9548620683,2173,57:06.0
2022,Maggie Neilus,mneilusl@xrea.com,1581570234,2342,05:05.0
2023,Sayres Birden,sbirdenm@google.com.hk,5056452543,2092,58:25.0
2024,Lindsy Sinyard,lsinyardn@auda.org.au,2998221368,2372,21:45.0
2025,Damon Clay,dclayo@umich.edu,3146952016,2480,57:20.0
2026,Garrick Brotherhead,gbrotherheadp@si.edu,1268909644,2116,49:08.0
2027,Coleen MacMaykin,cmacmaykinq@plala.or.jp,5179622743,2035,14:16.0
2028,Aguie Beaver,abeaverr@eepurl.com,8961397322,2398,29:14.0
2029,Buck Turton,bturtons@hostgator.com,9633197304,2354,03:00.0
2030,Amalee Duxbarry,,9057076748,2038,41:45.0
2031,Merrily Janaszkiewicz,mjanaszkiewiczu@webs.com,3335101972,2280,48:31.0
2032,Annis Agostini,aagostiniv@51.la,9801684327,2183,56:08.0
2033,Lani Arundel,larundelw@soundcloud.com,1166826994,2473,55:48.0
2034,Brooks Risley,,,2500,51:38.0
2035,Ashbey Crommett,acrommetty@cyberchimps.com,6245378710,2473,47:53.0
2036,Jereme Volkers,,6232806541,2207,01:33.0
2037,Derrick Bruyns,dbruyns10@moonfruit.com,2739785148,2122,29:43.0
2038,Kim Pearle,kpearle11@netlog.com,7005211428,2295,29:33.0
2039,Adam Petteford,apetteford12@hibu.com,6991045270,2398,58:01.0
2040,Stacee Arnaudot,sarnaudot13@google.co.jp,5414608184,2012,48:15.0
2041,Gerri Keane,gkeane14@dailymotion.com,8021507942,2084,43:48.0
2042,Franciskus Lippitt,flippitt15@phoca.cz,9478327471,2409,29:31.0
2043,Mill Popping,mpopping16@mail.ru,6868396532,2194,20:41.0
2044,Kasey Egan,kegan17@hostgator.com,5639149028,2153,57:25.0
2045,Dehlia Dressell,ddressell18@bbb.org,2849566527,2280,33:49.0
2046,Trstram Heavyside,,1552282148,2103,07:50.0
2047,Venus Flockhart,vflockhart1a@gmpg.org,8909458618,2396,11:58.0
2048,Davina Ginnaly,dginnaly1b@theglobeandmail.com,9489437598,2167,31:57.0
2049,Erny Byatt,ebyatt1c@yandex.ru,3415445426,2137,06:20.0
2050,Kynthia Loweth,kloweth1d@squidoo.com,9919651788,2012,18:42.0
2051,Korney Beddon,kbeddon1e@istockphoto.com,2695465928,2454,19:23.0
2052,Karna Heaffey,kheaffey1f@youtube.com,4761269897,2117,54:44.0
2053,Rod Henrichsen,,7657731159,2450,50:10.0
2054,Caz Voysey,cvoysey1h@mayoclinic.com,5186261871,2246,34:44.0
2055,Raymund Sinkins,rsinkins1i@amazon.co.jp,2572906622,2349,21:30.0
2056,Elisabetta Volett,evolett1j@reddit.com,7275366946,2498,35:56.0
2057,Farley Morrilly,fmorrilly1k@1688.com,8315641400,2074,30:52.0
2058,Davida Malthouse,dmalthouse1l@odnoklassniki.ru,5377137616,2287,50:07.0
2059,Atlanta Giroldo,agiroldo1m@webeden.co.uk,2406792188,2077,35:59.0
2060,Matty Loudyan,mloudyan1n@yelp.com,2397473254,2464,13:10.0
2061,Kelvin Huckel,khuckel1o@hibu.com,2177609255,2189,26:48.0
2062,Mandel Keywood,mkeywood1p@chron.com,6811114181,2112,26:58.0
2063,Romy Bevir,rbevir1q@multiply.com,5702420198,2469,22:50.0
2064,Rozanna Muddle,,3045297622,2403,02:56.0
2065,Henrik Genese,hgenese1s@washington.edu,6523904653,2141,06:48.0
2066,Vincenz Trigwell,,6255672072,2110,47:00.0
2067,Ulberto Caddock,ucaddock1u@multiply.com,7485457775,2164,23:56.0
2068,Sibyl Lafflin,slafflin1v@nyu.edu,5256646254,2407,40:42.0
2069,Berkley Bockmann,bbockmann1w@bbc.co.uk,1216835112,2316,21:55.0
2070,Myrna Copestake,mcopestake1x@tmall.com,1866460004,2217,27:57.0
2071,Oswald Filippyev,ofilippyev1y@plala.or.jp,5742365207,2059,52:15.0
2072,Lefty orsay,ldorsay1z@last.fm,2582556877,2032,18:27.0
2073,Winfred Bossom,wbossom20@clickbank.net,1132910202,2011,21:50.0
2074,Marchall Curwen,mcurwen21@shinystat.com,9029702044,2265,13:00.0
2075,Eddi Persehouse,epersehouse22@loc.gov,3386207484,2451,25:13.0
2076,Demetris Blayd,dblayd23@biblegateway.com,4637378859,2349,01:11.0
2077,Paulina Cancutt,pcancutt24@theatlantic.com,2087973584,2187,27:25.0
2078,Juieta Polly,jpolly25@amazonaws.com,1211170145,2265,34:25.0
2079,Fiann Halfhide,fhalfhide26@paypal.com,9596759205,2010,33:34.0
2080,Willi Bocking,wbocking27@mayoclinic.com,9086690383,2152,23:07.0
2081,Oswell Machel,omachel28@tuttocitta.it,5402353771,2454,34:22.0
2082,Lisabeth Dargan,ldargan29@ted.com,8349943356,2177,24:53.0
2083,Florette Orhtmann,forhtmann2a@umn.edu,8572894074,2111,25:11.0
2084,Ruddie Fieldgate,rfieldgate2b@360.cn,2026689600,2380,46:04.0
2085,Corbie Ebrall,cebrall2c@angelfire.com,6649561731,2484,34:32.0
2086,Sinclare Risdall,srisdall2d@ucla.edu,7187153489,2406,01:15.0
2087,Marietta Callum,mcallum2e@unicef.org,3945599478,2010,48:36.0
2088,Sallee Iori,siori2f@nsw.gov.au,4247499560,2274,20:52.0
2089,Dunstan Hyams,dhyams2g@youtube.com,9014550012,2375,38:20.0
2090,Tamara Watters,twatters2h@virginia.edu,1916963610,2193,42:46.0
2091,Lynelle Fantonetti,lfantonetti2i@tinypic.com,6074175052,2407,33:47.0
2092,Olenka Beed,obeed2j@sun.com,7197016981,2231,54:58.0
2093,Alison Ricker,aricker2k@eepurl.com,5536547009,2444,19:16.0
2094,Ed Kerne,ekerne2l@facebook.com,2967191083,2309,15:35.0
2095,Marcille Gillogley,mgillogley2m@epa.gov,8961179151,2290,38:32.0
2096,Ofella Curr,ocurr2n@mysql.com,9511903532,2163,18:01.0
2097,Tull Janiak,tjaniak2o@google.com.au,6859541931,2438,35:06.0
2098,Lyndsie Winfindale,lwinfindale2p@ovh.net,8434374329,2296,43:32.0
2099,Phillipp Nickolls,pnickolls2q@prweb.com,7897264205,2078,32:30.0
2100,Jacki Trazzi,jtrazzi2r@github.io,3368779967,2461,29:47.0
2101,Kristofor Gensavage,kgensavage2s@netscape.com,2322004957,2319,46:10.0
2102,Alvin Gow,agow2t@kickstarter.com,1019382078,2343,34:43.0
2103,Heinrik Fullerton,hfullerton2u@mayoclinic.com,4212013377,2351,04:31.0
2104,Ulrike Le Quesne,ule2v@wikimedia.org,8121992556,2227,54:15.0
2105,Luella Titcumb,ltitcumb2w@simplemachines.org,5266153929,2361,20:47.0
2106,Krystle Vahl,kvahl2x@amazonaws.com,5993947809,2094,02:09.0
2107,Leonerd MacFarlane,lmacfarlane2y@gravatar.com,9638700593,2277,03:39.0
2108,Johnny Glaum,jglaum2z@reuters.com,4089851835,2301,59:40.0
2109,Lenna Olohan,lolohan30@cam.ac.uk,6049431980,2106,27:50.0
2110,Desmund Islip,dislip31@xrea.com,4492136189,2299,05:44.0
2111,Zelda Bromby,zbromby32@ask.com,,2415,16:38.0
2112,Ferd Whorlton,fwhorlton33@spiegel.de,1477522539,2020,01:50.0
2113,Erick Helgass,ehelgass34@businessweek.com,4388504921,2326,47:33.0
2114,Dianne Gregr,dgregr35@ucla.edu,7431519240,2462,25:52.0
2115,Delaney Wontner,dwontner36@technorati.com,7495909527,2119,57:10.0
2116,Elise Harbage,eharbage37@hc360.com,7152231491,2085,09:13.0
2117,Kassie Fury,kfury38@netvibes.com,2536546249,2081,46:31.0
2118,Eldon Stribbling,estribbling39@paypal.com,3895864607,2305,33:47.0
2119,Donaugh Wilkison,dwilkison3a@desdev.cn,7515051203,2451,39:29.0
2120,Dahlia Procter,dprocter3b@theglobeandmail.com,9406889537,2124,42:18.0
2121,Kellia Ecles,kecles3c@disqus.com,,2426,50:50.0
2122,Titos Pearde,tpearde3d@virginia.edu,1337358778,2420,25:27.0
2123,Wynne Duffan,wduffan3e@senate.gov,5868002912,2453,46:05.0
2124,Corette Barlie,cbarlie3f@xrea.com,9924068969,2207,50:34.0
2125,Ramona Dybbe,rdybbe3g@edublogs.org,4888531776,2118,05:20.0
2126,Belle Birkmyre,bbirkmyre3h@oaic.gov.au,,2029,07:19.0
2127,Michelina Armstrong,marmstrong3i@amazon.co.jp,,2003,19:36.0
2128,Aurilia Spear,aspear3j@dailymotion.com,5168486954,2024,06:04.0
2129,Melody Roark,mroark3k@pbs.org,2066244864,2067,40:54.0
2130,Lari Goodings,lgoodings3l@harvard.edu,9605194812,2371,18:04.0
2131,Elane Lowndsbrough,elowndsbrough3m@ow.ly,6812947837,2213,29:51.0
2132,Lauralee McNirlin,lmcnirlin3n@state.tx.us,5983042629,2464,23:53.0
2133,Cybil Callow,ccallow3o@guardian.co.uk,7486007885,2496,12:13.0
2134,Anallese Boas,aboas3p@goo.ne.jp,7162205467,2398,01:27.0
2135,Jess Jorg,jjorg3q@flickr.com,7916847570,2075,17:32.0
2136,Arluene Swancott,aswancott3r@yandex.ru,5747186590,2485,28:46.0
2137,Mirabelle Offa,moffa3s@icq.com,3916238839,2236,44:01.0
2138,Marget Kett,mkett3t@elegantthemes.com,3877764968,2367,34:24.0
2139,Orelle Pawlett,opawlett3u@nature.com,5536939543,2129,14:51.0
2140,Aland Pickervance,,7967644537,2143,34:19.0
2141,Filberte Lourenco,flourenco3w@squarespace.com,5399579603,2329,33:19.0
2142,Una Anwell,uanwell3x@zimbio.com,8944336718,2273,24:16.0
2143,Enrichetta Seaborne,eseaborne3y@instagram.com,7634982133,2360,16:41.0
2144,Hailey Innott,hinnott3z@etsy.com,6855438831,2078,44:18.0
2145,Rosy Shepherdson,,6885381301,2414,06:21.0
2146,Nichole Kirlin,nkirlin41@youku.com,3248005445,2116,07:43.0
2147,Ofella Hayter,ohayter42@xing.com,7907417786,2195,58:30.0
2148,Fania Tinklin,ftinklin43@abc.net.au,,2480,01:49.0
2149,Isac Bartolic,ibartolic44@istockphoto.com,3794406449,2417,04:09.0
2150,Valry Moulster,vmoulster45@discuz.net,5404239459,2383,01:56.0
2151,Merilyn Pettigree,mpettigree46@youtu.be,7775385038,2163,40:13.0
2152,August Brothwood,abrothwood47@csmonitor.com,5984701524,2496,53:14.0
2153,Gunther Stibbs,gstibbs48@washingtonpost.com,6721364742,2086,30:40.0
2154,Brandice Gallemore,bgallemore49@redcross.org,9552507520,2224,40:37.0
2155,Bettine Pigney,bpigney4a@taobao.com,6995801873,2470,23:37.0
2156,Betteanne McLafferty,bmclafferty4b@xing.com,6727562997,2122,45:09.0
2157,Jonell Dewes,jdewes4c@bandcamp.com,1813223728,2151,49:43.0
2158,Raoul Stephenson,rstephenson4d@google.pl,1224641862,2017,58:55.0
2159,Lou Ashment,lashment4e@timesonline.co.uk,8139737344,2079,58:05.0
2160,Melicent Conklin,mconklin4f@arstechnica.com,4788688831,2332,00:49.0
2161,Heida Housego,hhousego4g@posterous.com,3714929292,2269,24:42.0
2162,Falito Skermer,fskermer4h@networksolutions.com,8963005356,2435,46:55.0
2163,Jackson Readett,jreadett4i@unesco.org,2774075252,2058,33:49.0
2164,Will Denford,wdenford4j@tinyurl.com,3622575277,2457,06:12.0
2165,Ivette Biggerstaff,ibiggerstaff4k@bbb.org,3483921093,2091,19:37.0
2166,Park Heelis,pheelis4l@artisteer.com,5545512493,2211,41:55.0
2167,Falito Crawshaw,fcrawshaw4m@theatlantic.com,8193897389,2157,14:12.0
2168,Simonne Craigg,scraigg4n@google.es,4945243864,2162,24:18.0
2169,Hildegarde Matiewe,hmatiewe4o@webmd.com,3098901942,2026,26:48.0
2170,Margeaux Tailby,mtailby4p@google.com,2892774197,2416,45:41.0
2171,Bliss Canavan,bcanavan4q@sbwire.com,3167662556,2240,29:53.0
2172,Baillie Kerswill,bkerswill4r@cam.ac.uk,1523615226,2364,32:54.0
2173,Lulu Uden,luden4s@guardian.co.uk,8061827172,2083,16:54.0
2174,Weylin McAlpine,wmcalpine4t@chron.com,6103457050,2391,09:05.0
2175,Elianore Pursglove,epursglove4u@ucla.edu,5153863237,2323,29:19.0
2176,Cammy Schettini,cschettini4v@zdnet.com,3171159156,2390,36:48.0
2177,Prudence Williscroft,pwilliscroft4w@tinypic.com,1251040213,2214,53:10.0
2178,Keefe Dicken,kdicken4x@prlog.org,8223892680,2099,37:56.0
2179,Ernestine Lund,elund4y@51.la,7755020066,2415,25:48.0
2180,Idaline Grube,igrube4z@alibaba.com,4923196083,2418,53:05.0
2181,Buck Fisk,bfisk50@psu.edu,9406914113,2470,58:48.0
2182,Eli Tongs,etongs51@typepad.com,6934451786,2482,17:42.0
2183,Bonnie Feechan,bfeechan52@photobucket.com,8419637204,2416,59:54.0
2184,Betty Megainey,bmegainey53@e-recht24.de,2123798601,2428,15:04.0
2185,Alric Harniman,aharniman54@springer.com,3564746759,2102,43:14.0
2186,Agnese Landsberg,alandsberg55@mozilla.com,1785053804,2206,30:12.0
2187,Homerus Acedo,hacedo56@ihg.com,3405721840,2409,03:45.0
2188,Sully Jirsa,sjirsa57@shutterfly.com,9638942554,2188,37:43.0
2189,Tiebold De Cristofalo,tde58@163.com,6585930021,2427,27:52.0
2190,Katha Keyho,kkeyho59@cmu.edu,8185324694,2108,55:07.0
2191,Simonette Cashell,scashell5a@weibo.com,1217091551,2271,28:07.0
2192,Catherin Swalough,cswalough5b@huffingtonpost.com,2195072264,2373,45:09.0
2193,Scarlett Bullin,sbullin5c@sun.com,,2168,20:32.0
2194,Curr Maingot,cmaingot5d@ucoz.ru,,2298,17:18.0
2195,Vitoria Ailward,vailward5e@123-reg.co.uk,5845954530,2370,42:07.0
2196,Husein Stowell,hstowell5f@gravatar.com,6157302181,2103,59:37.0
2197,Erinna Gergus,egergus5g@imgur.com,3233567976,2358,51:50.0
2198,Ignace Cottel,icottel5h@nsw.gov.au,4976488063,2360,02:52.0
2199,Alika Cubitt,acubitt5i@bandcamp.com,3807048130,2246,49:27.0
2200,Romain Kamall,rkamall5j@slate.com,2214292441,2232,18:02.0
2201,,hallsep5k@hhs.gov,1373084321,2073,03:30.0
2202,Aggie Jorgensen,ajorgensen5l@ft.com,7914498681,2105,48:20.0
2203,Amalie Birdfield,abirdfield5m@princeton.edu,9555029279,2495,15:02.0
2204,Erny Demcik,edemcik5n@squidoo.com,6681575099,2257,12:16.0
2205,Teodora Bulford,tbulford5o@toplist.cz,9488223620,2314,52:38.0
2206,,tpetersen5p@chicagotribune.com,9838868954,2198,42:54.0
2207,Rochella Mc Cahey,rmc5q@360.cn,4363507188,2486,16:21.0
2208,Hannie Meehan,hmeehan5r@dailymotion.com,7623953851,2189,08:17.0
2209,Emilia Sneddon,esneddon5s@imgur.com,4226772534,2192,00:53.0
2210,Andria Bealing,abealing5t@sakura.ne.jp,8076562216,2310,06:06.0
2211,Zita Luff,zluff5u@seesaa.net,2889587919,2118,34:33.0
2212,Ulrikaumeko Denisovo,udenisovo5v@com.com,3879075044,2283,03:01.0
2213,Boone Charman,bcharman5w@dailymail.co.uk,5297462306,2039,52:18.0
2214,Gabie Keeling,gkeeling5x@parallels.com,2555280362,2499,14:17.0
2215,Selma Rosser,srosser5y@taobao.com,3695265248,2337,42:51.0
2216,Tisha Kording,tkording5z@odnoklassniki.ru,8528972384,2244,18:34.0
2217,Dewey Southerill,dsoutherill60@about.me,3301377529,2289,28:33.0
2218,Florina Copes,fcopes61@home.pl,1097811885,2431,27:05.0
2219,Winslow Lincoln,wlincoln62@rambler.ru,8914472256,2055,41:37.0
2220,Riccardo Housecroft,rhousecroft63@blog.com,6122443460,2304,35:37.0
2221,Clemente Mobbs,,2742942730,2448,01:24.0
2222,Lenora Oluwatoyin,loluwatoyin65@mayoclinic.com,,2357,17:45.0
2223,Hyacinthia Vanyarkin,hvanyarkin66@opensource.org,8799346650,2191,20:38.0
2224,Esmeralda Dadge,edadge67@wikimedia.org,9902651638,2459,13:25.0
2225,Burtie Levin,blevin68@trellian.com,6664342282,2123,31:28.0
2226,Ugo Vasilenko,uvasilenko69@yahoo.co.jp,5369139263,2394,12:32.0
2227,Bobbie Parlatt,bparlatt6a@aol.com,7983224332,2480,04:54.0
2228,Talya Annable,tannable6b@elpais.com,4249144704,2056,33:25.0
2229,Jarrod Tuminini,jtuminini6c@fda.gov,,2124,55:04.0
2230,Stace Curds,scurds6d@ezinearticles.com,1763107960,2072,51:48.0
2231,Cybil Thresher,cthresher6e@github.com,2801343373,2194,47:42.0
2232,Valida Towle,vtowle6f@boston.com,7853886995,2246,31:58.0
2233,Jilli  Nolan,jonolan6g@multiply.com,3172441898,2456,18:16.0
2234,Leon Greason,lgreason6h@skyrock.com,9973371320,2414,31:39.0
2235,Elyn Soper,esoper6i@artisteer.com,2131486608,2130,00:51.0
2236,Lavina Stormont,lstormont6j@instagram.com,9089000347,2456,47:49.0
2237,Bobbette Browncey,bbrowncey6k@t-online.de,2577978603,2053,15:42.0
2238,Ida Banck,ibanck6l@imageshack.us,,2499,10:37.0
2239,Nikolaos Fabri,nfabri6m@squarespace.com,2135689616,2165,18:59.0
2240,Keeley Berthelet,kberthelet6n@wikipedia.org,1531768721,2358,25:09.0
2241,Anthe Alders,aalders6o@epa.gov,1724161065,2032,02:39.0
2242,Camila Pascoe,,2584248504,2096,17:15.0
2243,Daveta Chess,dchess6q@themeforest.net,1333754048,2087,51:50.0
2244,Courtenay Cothey,ccothey6r@prlog.org,4804718016,2398,16:40.0
2245,Marie-ann Palmby,mpalmby6s@yellowpages.com,3513614533,2186,19:16.0
2246,Kitti Swalteridge,kswalteridge6t@aol.com,2096267052,2358,13:56.0
2247,Terencio L Amie,tlamie6u@icio.us,2736663512,2151,20:17.0
2248,Nikki Barthel,nbarthel6v@imageshack.us,2001098446,2337,02:37.0
2249,Roosevelt Gladdish,rgladdish6w@blog.com,1352720008,2339,22:26.0
2250,Maggi Maytum,mmaytum6x@acquirethisname.com,1436651342,2313,49:53.0
2251,Constance Inglese,cinglese6y@ustream.tv,5677354301,2036,52:19.0
2252,Mathian Wilde,mwilde6z@google.com.au,6718815963,2191,31:10.0
2253,Archibald Bengal,abengal70@nature.com,2613681767,2131,42:20.0
2254,Melodee Wantling,mwantling71@livejournal.com,1345684389,2055,07:13.0
2255,Ulises Hickinbottom,uhickinbottom72@wikia.com,3129918963,2321,37:46.0
2256,Lexie Wickson,,8352100655,2194,52:21.0
2257,Garreth Blazeby,gblazeby74@nytimes.com,6926387514,2338,15:09.0
2258,Louisette Birch,lbirch75@naver.com,5965986819,2240,53:52.0
2259,Phineas Armfirld,parmfirld76@apple.com,1849747688,2006,19:42.0
2260,Gwenneth Dyerson,gdyerson77@archive.org,4738842897,2085,45:00.0
2261,Derry Bleaden,dbleaden78@auda.org.au,3291385166,2366,13:06.0
2262,Ardyth Tunmore,,8105105691,2437,06:34.0
2263,Lauritz Hubbucks,lhubbucks7a@wordpress.com,8104920694,2322,43:23.0
2264,,ibog7b@fda.gov,9973756904,2223,52:53.0
2265,Darell Muzzi,dmuzzi7c@eventbrite.com,1241144100,2321,51:45.0
2266,Delia Nolin,dnolin7d@state.gov,8383818885,2086,16:31.0
2267,Corene Bloxsom,cbloxsom7e@princeton.edu,6187903030,2412,03:51.0
2268,Glad Burtwhistle,gburtwhistle7f@newyorker.com,9681218191,2215,23:31.0
2269,Renault Blagbrough,rblagbrough7g@bluehost.com,4746132938,2146,34:09.0
2270,Abrahan Wand,awand7h@icq.com,2082569214,2271,53:28.0
2271,Garek  Breen,gobreen7i@booking.com,5755895724,2085,39:45.0
2272,Gunner Lavrinov,glavrinov7j@wikipedia.org,1461705023,2333,32:12.0
2273,Hamil Guerriero,,3922398880,2416,37:27.0
2274,Fawne Wigsell,,4294624873,2031,46:40.0
2275,Rosie Tremouille,rtremouille7m@de.vu,3939076654,2233,58:39.0
2276,Decca Southern,dsouthern7n@springer.com,6524961791,2113,50:06.0
2277,Fanechka Ollerhead,follerhead7o@whitehouse.gov,2312913524,2243,26:45.0
2278,Cissy Farlambe,cfarlambe7p@ycombinator.com,4881907086,2346,27:31.0
2279,Lauren Dimitru,ldimitru7q@nps.gov,2483332173,2381,06:44.0
2280,Roz Habbal,rhabbal7r@de.vu,7169224744,2191,58:20.0
2281,Aviva Allberry,aallberry7s@boston.com,6165844116,2255,25:01.0
2282,Jamal Foulds,jfoulds7t@google.com,4698771196,2040,13:45.0
2283,Blythe Bazoge,bbazoge7u@rakuten.co.jp,8876473878,2178,18:57.0
2284,Mirella Mariaud,mmariaud7v@hp.com,9165270643,2393,31:17.0
2285,Guillaume Bale,gbale7w@simplemachines.org,,2400,29:55.0
2286,Lindsey Blackaller,lblackaller7x@jiathis.com,2053486125,2052,24:23.0
2287,Konrad Faivre,kfaivre7y@imageshack.us,4184860346,2257,54:02.0
2288,Wilhelmine Simoni,wsimoni7z@umich.edu,5644907895,2257,18:36.0
2289,,aosipenko80@tiny.cc,2871119515,2187,46:20.0
2290,Taffy Cicculi,tcicculi81@free.fr,3589827370,2226,32:43.0
2291,Vonnie Beeken,vbeeken82@flickr.com,7439081290,2172,49:30.0
2292,Ode Gerrelts,ogerrelts83@sina.com.cn,3997459903,2304,25:12.0
2293,Wenonah Cardero,wcardero84@hexun.com,2449654922,2146,59:35.0
2294,Arlen Braven,abraven85@army.mil,8203101165,2313,43:58.0
2295,Brett Schruyer,bschruyer86@kickstarter.com,1265714203,2132,17:14.0
2296,Morley Adshed,madshed87@paginegialle.it,2039913358,2461,54:03.0
2297,Janela Larive,jlarive88@lulu.com,8935319152,2177,27:55.0
2298,Wain Gulliford,wgulliford89@boston.com,7147886332,2098,51:33.0
2299,Jo ann Elsbury,jann8a@shop-pro.jp,3343878359,2249,23:46.0
2300,Verla Bills,vbills8b@indiatimes.com,9731260483,2441,59:25.0
2301,,aduberry8c@earthlink.net,4055308376,2306,11:43.0
2302,Allsun Wetherburn,awetherburn8d@cam.ac.uk,1889714425,2470,39:41.0
2303,Helen Jouhan,hjouhan8e@nps.gov,4866133096,2299,32:18.0
2304,Kylie Corker,kcorker8f@wikia.com,1281727672,2373,48:54.0
2305,Liesa Sommerton,lsommerton8g@washington.edu,9223653405,2210,28:08.0
2306,Andre Grimolbie,agrimolbie8h@youku.com,8977423638,2328,53:39.0
2307,Carl Ivashinnikov,civashinnikov8i@weebly.com,9721457312,2236,19:34.0
2308,Jeramey Braghini,jbraghini8j@businesswire.com,3357076011,2463,38:20.0
2309,Joby Barhams,jbarhams8k@google.it,4858747805,2192,46:50.0
2310,Mylo Krystek,,7315995208,2368,32:26.0
2311,Helaina Amoore,hamoore8m@opensource.org,,2358,06:45.0
2312,Kevan Crayton,kcrayton8n@soundcloud.com,9855117274,2111,12:19.0
2313,Caresse Aharoni,caharoni8o@whitehouse.gov,1598570421,2355,07:58.0
2314,Audie Roberds,aroberds8p@yale.edu,9875288539,2382,53:20.0
2315,Timofei Coneybeare,tconeybeare8q@bandcamp.com,9654504371,2318,31:45.0
2316,Rey Winser,rwinser8r@chron.com,6226168587,2123,11:58.0
2317,Mollee Toupe,mtoupe8s@bing.com,5104892015,2391,26:53.0
2318,Barnie Olek,bolek8t@behance.net,7432832505,2155,57:57.0
2319,Calley Rosenstiel,,7441213987,2087,13:08.0
2320,Gustavus Jephson,gjephson8v@narod.ru,6456331451,2385,17:54.0
2321,Letitia Panter,lpanter8w@cnbc.com,4078219058,2032,01:26.0
2322,Lind Keen,lkeen8x@opera.com,6233044636,2196,57:43.0
2323,Zelma Thrift,zthrift8y@techcrunch.com,5488597235,2498,45:54.0
2324,Sayre Pibworth,spibworth8z@networkadvertising.org,1046251590,2105,55:15.0
2325,Jamima Surgood,jsurgood90@facebook.com,9497873302,2203,52:19.0
2326,Batholomew Walenta,bwalenta91@howstuffworks.com,3398252799,2454,42:14.0
2327,Glyn Christiensen,gchristiensen92@amazon.de,4006866437,2397,41:33.0
2328,Clerissa Neville,cneville93@rambler.ru,3177844035,2195,35:04.0
2329,Rozalie Champkins,rchampkins94@ox.ac.uk,5936743198,2123,19:30.0
2330,William Bygreaves,wbygreaves95@jimdo.com,9358314409,2462,58:39.0
2331,Diahann Arnau,darnau96@yellowpages.com,8959019282,2452,16:12.0
2332,Gustaf Road,groad97@hc360.com,1474569771,2236,03:03.0
2333,Durand Dwine,ddwine98@multiply.com,,2309,15:36.0
2334,Beret Likly,blikly99@businesswire.com,4719973995,2009,36:12.0
2335,Olag Puttrell,oputtrell9a@cbc.ca,5001043883,2360,06:40.0
2336,Padgett Chataignier,pchataignier9b@hibu.com,8347977822,2358,03:45.0
2337,Anne-corinne Roxburgh,aroxburgh9c@salon.com,7762856324,2006,16:03.0
2338,Parry Samwayes,psamwayes9d@uiuc.edu,9444539792,2312,31:01.0
2339,Hollie Beeke,,7834631484,2476,04:58.0
2340,Dina Stetlye,dstetlye9f@4shared.com,7758951043,2101,02:21.0
2341,Ag MacMoyer,,1038963549,2328,57:36.0
2342,Gill Myford,gmyford9h@nba.com,1298516763,2159,39:12.0
2343,Livvyy Pervoe,lpervoe9i@hubpages.com,8634380355,2389,01:55.0
2344,Stafani Louis,slouis9j@usda.gov,2288796639,2478,06:58.0
2345,Garold Suthren,gsuthren9k@mlb.com,5461491527,2144,37:16.0
2346,Edythe Dundon,edundon9l@indiegogo.com,9558908917,2403,09:19.0
2347,Milt Axby,maxby9m@nih.gov,9533844208,2425,00:32.0
2348,Mathian Noon,mnoon9n@hubpages.com,6533963222,2052,00:25.0
2349,Kippie McMinn,kmcminn9o@sbwire.com,8211008995,2320,31:17.0
2350,Bancroft Simounet,bsimounet9p@washington.edu,,2140,26:53.0
2351,Jacquelynn Zanetto,jzanetto9q@networkadvertising.org,,2460,50:42.0
2352,Hannis Sporton,hsporton9r@quantcast.com,2959800325,2046,42:46.0
2353,Brigg Zukerman,bzukerman9s@vinaora.com,9991905046,2373,59:17.0
2354,,okingsley9t@springer.com,1661955593,2493,34:32.0
2355,Brit Offin,boffin9u@google.com.au,8456508057,2329,00:34.0
2356,Hilton McNelly,hmcnelly9v@illinois.edu,,2461,19:19.0
2357,Greggory Kieff,gkieff9w@yellowbook.com,3923173393,2345,03:38.0
2358,Jimmie McAirt,jmcairt9x@cocolog-nifty.com,3862656808,2024,08:59.0
2359,Cassius Copsey,ccopsey9y@amazonaws.com,7777410535,2147,53:08.0
2360,Kimberlyn Dingate,kdingate9z@adobe.com,3876003230,2444,02:23.0
2361,Stephine Ravilious,sraviliousa0@jalbum.net,9994138408,2175,36:11.0
2362,Sophey Kither,skithera1@dailymotion.com,8482236935,2346,18:13.0
2363,Isak Kubat,ikubata2@admin.ch,7217221278,2411,57:28.0
2364,Corinna Billingsley,cbillingsleya3@huffingtonpost.com,7563828112,2282,10:13.0
2365,Isabeau McAuley,imcauleya4@jimdo.com,2567707028,2147,32:59.0
2366,Freddy Dillimore,fdillimorea5@taobao.com,9694677626,2092,39:39.0
2367,Chandal Donaho,cdonahoa6@amazon.co.jp,8992634857,2500,29:54.0
2368,Annora Balazin,abalazina7@alibaba.com,,2111,35:31.0
2369,Ed Halwill,ehalwilla8@blogspot.com,6376943803,2179,29:50.0
2370,Shana Kyngdon,skyngdona9@state.gov,5282514077,2266,00:26.0
2371,Floyd Yukhnev,,1562491255,2112,18:42.0
2372,Federico Cutting,fcuttingab@cnn.com,2298628093,2467,15:14.0
2373,Brendan Huthart,bhuthartac@xinhuanet.com,8103336866,2191,32:54.0
2374,,rknewstubad@utexas.edu,1505584370,2362,40:19.0
2375,Pepe Bosenworth,pbosenworthae@marketwatch.com,8155992359,2113,40:10.0
2376,Bonnie Votier,bvotieraf@netscape.com,4885318088,2026,42:13.0
2377,Alanah Brandenberg,abrandenbergag@nydailynews.com,9585193064,2329,13:51.0
2378,Georgianna Pickerell,gpickerellah@eepurl.com,7401573091,2330,32:21.0
2379,Erinna Roberti,erobertiai@mapy.cz,5368217373,2204,24:25.0
2380,Davis Bamlett,dbamlettaj@ox.ac.uk,8771856203,2152,09:58.0
2381,Cooper Jurczyk,cjurczykak@google.co.uk,6783745969,2222,22:29.0
2382,,jludgateal@wsj.com,4447435440,2011,51:39.0
2383,Hattie Phelps,hphelpsam@cyberchimps.com,7608823551,2161,02:05.0
2384,Heddie Jozsef,hjozsefan@stumbleupon.com,6913535356,2131,50:17.0
2385,Merl Gyppes,mgyppesao@dailymotion.com,8752546909,2223,20:19.0
2386,Courtenay Bricksey,cbrickseyap@weebly.com,5448544287,2459,02:05.0
2387,Kilian Aliberti,kalibertiaq@friendfeed.com,8196975100,2466,44:58.0
2388,Pavla Cartmell,pcartmellar@wordpress.com,2275050988,2350,24:59.0
2389,Sebastien Arkow,sarkowas@geocities.jp,3438077780,2087,03:18.0
2390,Marrissa Iveans,miveansat@arizona.edu,2385606260,2346,17:50.0
2391,Eldredge Copnar,ecopnarau@cdbaby.com,6175400827,2197,46:55.0
2392,Theodoric Tolle,ttolleav@accuweather.com,8686860445,2043,09:03.0
2393,Evelyn Bickersteth,ebickerstethaw@google.ru,7562797133,2282,26:41.0
2394,Laughton Pidgley,lpidgleyax@histats.com,7023460288,2192,30:24.0
2395,Jobina Hendrich,jhendrichay@weebly.com,1472393797,2233,41:48.0
2396,Mohammed Joddens,mjoddensaz@paypal.com,8944131642,2070,17:44.0
2397,Krissie Matthis,kmatthisb0@disqus.com,2443919719,2336,00:39.0
2398,Dom Baumann,dbaumannb1@usgs.gov,6473686833,2141,00:02.0
2399,Jarrad  Sesnane,josesnaneb2@qq.com,1614289087,2374,58:33.0
2400,Tomkin Carriage,tcarriageb3@blogs.com,3306825499,2430,30:11.0
2401,Alvera Shailer,ashailerb4@fastcompany.com,3706144508,2337,39:37.0
2402,Blake Izon,bizonb5@yahoo.com,2482990883,2152,06:36.0
2403,Norbie Duthy,nduthyb6@goo.ne.jp,1865910981,2218,47:19.0
2404,Arri Maryet,amaryetb7@joomla.org,7865831636,2352,07:49.0
2405,Charita Le Floch,cleb8@domainmarket.com,9428766773,2184,52:37.0
2406,Sim Oxton,soxtonb9@google.de,6169503957,2182,10:30.0
2407,Dan Kohrt,dkohrtba@ycombinator.com,2137016785,2113,46:40.0
2408,Galven Wesley,gwesleybb@state.tx.us,9262610530,2180,51:49.0
2409,Renell Kerrey,rkerreybc@reference.com,4064782099,2043,14:24.0
2410,Henrie Farish,,,2022,47:39.0
2411,Shaine Yakubowicz,syakubowiczbe@flavors.me,7613435885,2410,21:21.0
2412,Shawn Stealy,sstealybf@intel.com,8307709893,2440,01:06.0
2413,Doy Bramley,,3079647449,2152,21:15.0
2414,Isabelita Conboy,,6053879574,2119,43:43.0
2415,Daphna Gilbey,dgilbeybi@github.com,7992633794,2124,10:43.0
2416,Ambrosio Kestian,akestianbj@salon.com,7446562111,2178,08:25.0
2417,Robinia Jordi,rjordibk@macromedia.com,2207615288,2180,09:32.0
2418,Dane Fere,dferebl@diigo.com,8678046405,2248,54:19.0
2419,Katina Hanney,khanneybm@livejournal.com,7881517765,2220,40:39.0
2420,Xymenes Gebbie,xgebbiebn@yolasite.com,3954667935,2435,40:31.0
2421,Reena Dundridge,rdundridgebo@discuz.net,1588804128,2183,47:07.0
2422,Letizia Penke,,2981207821,2044,18:00.0
2423,Murry Woodnutt,mwoodnuttbq@github.com,3575039824,2414,46:17.0
2424,Beryl Tooker,btookerbr@unesco.org,3191950613,2296,27:09.0
2426,Spenser MacGettigen,smacgettigenbt@rakuten.co.jp,,2387,11:28.0
2427,Bernette Eldershaw,beldershawbu@google.co.jp,5602334250,2376,20:47.0
2428,Merilyn Davidovitch,mdavidovitchbv@engadget.com,2138524002,2122,11:34.0
2429,Bobbie Allnutt,ballnuttbw@t.co,1278231886,2215,28:39.0
2430,Alexei Caveney,,9889113926,2327,34:11.0
2431,Adda Miere,amiereby@dedecms.com,6522152784,2246,12:11.0
2432,Dyanna Eickhoff,deickhoffbz@dyndns.org,4861588883,2128,58:25.0
2433,Mannie De Gregoli,mdec0@myspace.com,8954032435,2054,37:01.0
2434,Anette Cristofaro,acristofaroc1@home.pl,2347527957,2078,30:45.0
2435,Danni Conrath,dconrathc2@cbsnews.com,2383728898,2360,56:16.0
2436,,srafteryc3@dell.com,3342408246,2500,37:38.0
2437,Vanni Dominique,vdominiquec4@google.com.au,9832698930,2186,21:37.0
2438,Alberto Hadlow,,2954381159,2045,31:32.0
2439,Meir Moyne,mmoynec6@flickr.com,6046853575,2198,55:42.0
2440,Sonny Arnault,sarnaultc7@usa.gov,9255043812,2370,18:51.0
2441,Chilton Twomey,ctwomeyc8@cisco.com,1403776038,2283,24:04.0
2442,Moshe Liffey,mliffeyc9@free.fr,4847624931,2361,25:26.0
2443,Bekki Merington,bmeringtonca@wikipedia.org,,2373,13:17.0
2444,Isabeau Garriock,igarriockcb@craigslist.org,2889739710,2122,22:52.0
2445,Di Whatman,dwhatmancc@ebay.co.uk,3882528357,2411,27:21.0
2446,Britni Andreuzzi,bandreuzzicd@freewebs.com,5688358643,2061,56:57.0
2447,Neall Giorgione,ngiorgionece@umn.edu,3152826115,2162,36:41.0
2448,Dalt Houtby,dhoutbycf@homestead.com,6435946178,2472,57:58.0
2449,Skylar Blazynski,,9326891813,2237,05:35.0
2450,Thom Matveyev,,8654444240,2133,59:53.0
2451,Cymbre Jime,cjimeci@wsj.com,4352721953,2319,05:36.0
2452,Emelina Franchioni,efranchionicj@purevolume.com,7551964340,2291,35:20.0
2453,Mendie Paske,mpaskeck@blog.com,3223053602,2481,23:27.0
2454,Jamil Sodory,jsodorycl@census.gov,8372649727,2421,10:58.0
2455,Kingsley Mallan,kmallancm@seesaa.net,1037238230,2218,24:39.0
2456,Flint Lubman,flubmancn@admin.ch,8453040024,2131,29:55.0
2457,Valencia Piggot,vpiggotco@360.cn,3427019720,2240,17:50.0
2458,Trumaine Belmont,tbelmontcp@marketwatch.com,6876988224,2368,42:09.0
2459,Gilligan Petrakov,gpetrakovcq@wordpress.org,4431057137,2042,32:20.0
2460,Lilian Charlin,lcharlincr@cisco.com,4051021430,2169,00:29.0
2461,Jonis Flag,jflagcs@amazon.co.jp,,2478,50:41.0
2462,Lenna Ellwell,lellwellct@hhs.gov,2751697819,2480,33:47.0
2463,Jerry Farlane,jfarlanecu@simplemachines.org,6516880928,2260,40:03.0
2464,Brunhilda Knutsen,bknutsencv@theatlantic.com,2657606381,2059,41:29.0
2465,Marlin Charlet,mcharletcw@examiner.com,2911046572,2038,44:03.0
2466,Rod Colby,rcolbycx@surveymonkey.com,8201440096,2084,25:48.0
2467,Geoffry Thurby,gthurbycy@baidu.com,7396364330,2190,04:45.0
2468,Caressa Sidebottom,csidebottomcz@github.io,,2359,17:18.0
2469,Roy Muslim,rmuslimd0@bbb.org,3928366978,2108,07:04.0
2470,Van Dunderdale,vdunderdaled1@qq.com,3366009895,2018,59:57.0
2471,Riobard Celiz,rcelizd2@people.com.cn,9527499910,2243,56:14.0
2472,Reidar Chivrall,rchivralld3@dot.gov,5906274689,2079,44:43.0
2473,Jere Bulmer,jbulmerd4@addthis.com,9952664130,2351,34:47.0
2474,Davide Reuther,dreutherd5@google.es,4521189281,2449,25:16.0
2475,Carlen Duckerin,cduckerind6@zdnet.com,,2064,55:19.0
2476,Doralia Meletti,,6263550845,2317,41:36.0
2477,Iolande Gorhardt,igorhardtd8@4shared.com,7305441100,2095,58:33.0
2478,Desiri Eeles,deelesd9@pcworld.com,3413937737,2279,28:13.0
2479,Genny Guilliatt,gguilliattda@microsoft.com,9814764733,2298,02:20.0
2480,Maegan Fidian,,4018752237,2358,48:34.0
2481,Celestyn Aldam,caldamdc@scribd.com,7409695083,2409,10:36.0
2482,Donall Jerschke,djerschkedd@oakley.com,5426338597,2448,08:31.0
2483,Coletta Lapham,claphamde@google.it,3661519454,2173,49:33.0
2484,Filippo Thicking,,5096402467,2253,18:15.0
2485,Aluino Lucken,aluckendg@google.de,9621022514,2292,05:32.0
2486,Kaye Le Fevre,kledh@sogou.com,8781252029,2018,12:13.0
2487,,rgranleesedi@prlog.org,6858208082,2400,29:13.0
2488,Fania Louthe,flouthedj@comcast.net,1535015585,2211,53:52.0
2489,Ezekiel Aindriu,,1728304368,2330,51:06.0
2490,Cris Maylam,cmaylamdl@craigslist.org,1526053620,2392,44:08.0
2491,Leonora Myrick,lmyrickdm@huffingtonpost.com,4424084218,2376,18:03.0
2492,Marney Eastgate,meastgatedn@va.gov,7326946557,2063,16:21.0
2493,Bathsheba Likly,bliklydo@yahoo.co.jp,1682164601,2466,34:09.0
2494,Aurora Patrie,apatriedp@blogger.com,7601278380,2046,28:22.0
2495,Rosamond Lorenzin,rlorenzindq@scientificamerican.com,4168269227,2202,58:17.0
2496,Hanson Cumberledge,hcumberledgedr@csmonitor.com,9073573254,2161,01:26.0
2497,Evangelin Ommundsen,eommundsends@amazon.co.uk,1684326473,2010,03:20.0
2498,Sutton Kayes,skayesdt@bizjournals.com,1883264295,2414,06:57.0
2499,Merline Busch,mbuschdu@free.fr,7222448534,2012,37:53.0
2500,Gerry Pischel,gpischeldv@craigslist.org,6814029211,2265,05:05.0
2501,Evelin Ricoald,ericoalddw@vkontakte.ru,9699117651,2243,06:11.0
2502,Mort Tamplin,,4648954031,2182,50:17.0
2503,Lester Brand,lbranddy@wikimedia.org,2584364774,2029,23:38.0
2504,Christian Reape,creapedz@facebook.com,9978583423,2008,36:26.0
2505,Deeann Iley,dileye0@netlog.com,,2351,26:37.0
2506,Case Yukhtin,cyukhtine1@barnesandnoble.com,9029131856,2409,51:07.0
2507,Celinka Grishenkov,cgrishenkove2@google.it,7417439163,2001,12:39.0
2508,Roanne Sidden,rsiddene3@blogtalkradio.com,2641085425,2281,19:20.0
2509,Aurel Nuzzti,anuzztie4@epa.gov,7354703667,2127,01:52.0
2510,Christiana Stuckford,,1655360693,2145,09:47.0
2511,Julie Aburrow,jaburrowe6@tumblr.com,6327643396,2267,40:41.0
2512,Ty Boas,tboase7@jigsy.com,9878382895,2307,18:06.0
2513,Lyon Dunsford,ldunsforde8@mysql.com,7766073156,2189,48:40.0
2514,Meggie Giddins,mgiddinse9@marketwatch.com,3594336446,2320,21:43.0
2515,Wilmer Mynott,wmynottea@google.de,1644496538,2398,04:21.0
2516,Kelsey Shirley,kshirleyeb@google.cn,8787161254,2341,08:38.0
2517,Schuyler Rollings,srollingsec@example.com,5832653115,2258,35:23.0
2518,Hedda Twidale,htwidaleed@intel.com,4497540065,2479,17:38.0
2519,Crissy MacAlroy,cmacalroyee@va.gov,1296956705,2182,42:31.0
2520,Jabez Frany,jfranyef@unc.edu,2022120704,2082,18:56.0
2521,Jacob Sellack,jsellackeg@pinterest.com,4594378114,2259,14:02.0
2522,Vaughan Mapledoram,vmapledorameh@netlog.com,6658569060,2135,54:57.0
2523,,esheeei@reddit.com,7511368647,2287,44:58.0
2524,Pedro Inglis,pinglisej@abc.net.au,1496618516,2424,06:28.0
2525,Andi Ostick,aostickek@google.com,7686971796,2215,11:00.0
2526,Dare Barthod,dbarthodel@microsoft.com,1165003252,2152,00:07.0
2527,Marshall Layhe,,3693544661,2127,56:21.0
2528,Birgitta Bertomieu,bbertomieuen@reverbnation.com,2488801468,2420,59:39.0
2529,Jamaal Rochford,jrochfordeo@prlog.org,7897309494,2143,40:06.0
2530,Jeanna Rackam,jrackamep@omniture.com,9225611097,2490,01:36.0
2531,Chloris Duckerin,cduckerineq@fda.gov,8694426198,2341,00:07.0
2532,Rahal Colrein,rcolreiner@bbc.co.uk,9377385447,2092,50:36.0
2533,Winny Wrates,wwrateses@ocn.ne.jp,1643764509,2130,27:13.0
2534,Reube Iacobetto,riacobettoet@bloomberg.com,7683787398,2226,56:46.0
2535,Corabelle MacFarlane,cmacfarlaneeu@wordpress.org,2988538544,2221,05:37.0
2536,Anderson Button,abuttonev@businessinsider.com,5941755449,2469,39:47.0
2537,Berri Gaywood,bgaywoodew@4shared.com,6813773166,2435,07:39.0
2538,Pace Jereatt,pjereattex@yelp.com,7458109224,2491,36:49.0
2539,Cobb Gligorijevic,cgligorijevicey@msu.edu,1636174922,2043,14:43.0
2540,Sher Rallinshaw,srallinshawez@cnbc.com,1145405131,2450,48:09.0
2541,,ywoolfittf0@istockphoto.com,8635919158,2390,43:03.0
2542,Stacey Mains,smainsf1@slate.com,4208633526,2237,39:29.0
2543,Dorian Vasilenko,dvasilenkof2@earthlink.net,7357557192,2017,25:30.0
2544,Heall Fanti,hfantif3@tumblr.com,7571878118,2059,50:37.0
2545,Millard Simonnet,msimonnetf4@sakura.ne.jp,8013130487,2442,03:33.0
2546,Yoko Sweetzer,,8093964269,2187,56:34.0
2547,,fhallwardf6@cdbaby.com,5993218939,2086,03:50.0
2548,Correy Madgewick,cmadgewickf7@cornell.edu,6516086085,2113,51:09.0
2549,Lenee Kief,lkieff8@ask.com,5671892525,2106,07:02.0
2550,Gerti Hourstan,ghourstanf9@fda.gov,9927678720,2309,12:04.0
2551,Odette Capponer,ocapponerfa@mail.ru,3289828523,2078,47:04.0
2552,Reube Charters,rchartersfb@rakuten.co.jp,6869243551,2367,59:39.0
2553,Alexis McAreavey,amcareaveyfc@nydailynews.com,2144384703,2336,38:31.0
2554,Tamera Blakeden,tblakedenfd@theatlantic.com,1177442827,2435,42:11.0
2555,Kassey Georgeau,kgeorgeaufe@google.com.au,4267927232,2318,52:18.0
2556,,dkidstonff@independent.co.uk,,2375,54:09.0
2557,Tadeas Tack,ttackfg@amazonaws.com,5845491722,2262,17:20.0
2558,Kania Tite,ktitefh@merriam-webster.com,1501428618,2161,27:33.0
2559,Amelina Thornber,athornberfi@elegantthemes.com,4865148240,2274,37:46.0
2560,Daisi Heffron,dheffronfj@aol.com,1181746643,2089,52:15.0
2561,Janet Werndly,jwerndlyfk@t.co,1187242937,2408,57:55.0
2562,Curtice Rivel,crivelfl@dailymotion.com,6582187165,2208,28:14.0
2563,Ava Tudor,atudorfm@digg.com,,2164,23:41.0
2564,Gideon Paulsen,gpaulsenfn@shinystat.com,5597831877,2154,27:41.0
2565,Damien Karlicek,dkarlicekfo@bbc.co.uk,1513319295,2059,26:22.0
2566,Clemmy Berrington,cberringtonfp@sitemeter.com,5956044822,2436,30:57.0
2567,Fina Klousner,fklousnerfq@google.com.hk,5808899385,2131,04:34.0
2568,Linn Orring,lorringfr@unesco.org,,2409,53:48.0
2569,Ugo Brunskill,,,2336,36:10.0
2570,Everett Pirot,epirotft@freewebs.com,9912645224,2216,38:24.0
2571,Quinton Crowdy,qcrowdyfu@google.cn,2761147700,2071,16:20.0
2572,Florance Slad,fsladfv@bigcartel.com,5063128729,2036,41:18.0
2573,Burt Ingledow,bingledowfw@wsj.com,1147343915,2112,24:32.0
2574,Mill Shapcote,mshapcotefx@cocolog-nifty.com,3966781149,2227,04:45.0
2575,Emlynne Hardy,ehardyfy@ycombinator.com,3962114631,2495,10:36.0
2576,Loella Orht,,2665621306,2182,54:08.0
2577,Bert Borkett,bborkettg0@cam.ac.uk,1217869444,2027,05:41.0
2578,Della Kenworthey,dkenwortheyg1@whitehouse.gov,8523309579,2182,14:34.0
2579,Caterina Tattersfield,ctattersfieldg2@wufoo.com,8307136088,2479,55:26.0
2580,Ferdinande Frere,ffrereg3@lulu.com,9408316412,2327,18:46.0
2581,Anita Oxterby,aoxterbyg4@miibeian.gov.cn,1624654612,2408,22:51.0
2582,Elissa Hearnaman,ehearnamang5@bandcamp.com,8236517183,2247,13:52.0
2583,Michele Thys,mthysg6@bbc.co.uk,9314198639,2168,18:39.0
2584,Ellerey Eskrick,eeskrickg7@edublogs.org,5553786390,2106,11:14.0
2585,Timofei Collinette,tcollinetteg8@blogs.com,4026175245,2355,25:09.0
2586,Wynne Croxon,wcroxong9@aol.com,3177308272,2018,03:35.0
2587,Flory Christian,fchristianga@quantcast.com,2628495882,2208,16:34.0
2588,Hersch Oldman,holdmangb@yale.edu,8535378012,2371,35:52.0
2589,Lazarus Illyes,lillyesgc@reddit.com,5358111904,2243,40:34.0
2590,Kermit Romanetti,kromanettigd@eepurl.com,9288048340,2265,09:31.0
2591,,cbainesge@cnbc.com,8045555401,2469,40:11.0
2592,Rubi Pestridge,rpestridgegf@icq.com,1973987624,2472,27:13.0
2593,Arabel Trayford,atrayfordgg@plala.or.jp,3992986981,2089,42:16.0
2594,Adrianne Bulbeck,abulbeckgh@usa.gov,4351698659,2047,20:15.0
2595,Dorian Rodolfi,drodolfigi@nps.gov,4244342807,2045,03:21.0
2596,Krysta Baldung,kbaldunggj@mashable.com,3857951426,2303,27:22.0
2597,Cordula Wildblood,cwildbloodgk@geocities.jp,3762934080,2011,39:20.0
2598,Ruby Goodin,rgoodingl@friendfeed.com,5737466490,2144,27:36.0
2599,Davie Bruffell,dbruffellgm@intel.com,7092195071,2373,08:12.0
2600,Marnie Stede,mstedegn@feedburner.com,7895772538,2055,54:33.0
2601,Ash Acosta,aacostago@baidu.com,6524090995,2332,05:55.0
2602,Edee Ferraro,eferrarogp@nhs.uk,3288799444,2192,36:09.0
2603,Collie Carefull,ccarefullgq@istockphoto.com,1552664269,2482,04:33.0
2604,Aguste Barter,abartergr@oaic.gov.au,7889334127,2324,11:03.0
2605,Connie Pinckney,cpinckneygs@mapy.cz,7841777996,2405,42:21.0
2606,Seana Dibdin,,7954884624,2294,27:56.0
2607,Merla Toor,mtoorgu@domainmarket.com,2026458774,2255,18:06.0
2608,Marielle Labell,mlabellgv@indiegogo.com,8696875387,2224,13:08.0
2609,Sadella Votier,svotiergw@shop-pro.jp,8931115303,2011,59:17.0
2610,,fgreggsgx@topsy.com,1585830946,2202,18:49.0
2611,Bamby Dalgarno,bdalgarnogy@techcrunch.com,7102579347,2215,46:30.0
2612,Hans Gribben,hgribbengz@sfgate.com,5298376763,2031,17:58.0
2613,Fritz Busswell,fbusswellh0@cisco.com,6738318493,2425,37:22.0
2614,Pat McCafferky,pmccafferkyh1@ezinearticles.com,9079305245,2196,20:39.0
2615,Sanford Parnaby,sparnabyh2@netscape.com,4868909336,2102,29:48.0
2616,Giordano Medcalfe,gmedcalfeh3@fema.gov,3824350439,2459,45:14.0
2617,Rodrique Weathey,rweatheyh4@nature.com,1371186110,2008,53:25.0
2618,Martha Cuzen,mcuzenh5@lycos.com,6086276165,2218,29:31.0
2619,Debbie Haysom,dhaysomh6@tinyurl.com,5722068649,2023,20:42.0
2620,Robina Wooff,rwooffh7@go.com,3174837134,2397,27:46.0
2621,Kelvin Ochterlony,kochterlonyh8@slate.com,1802318576,2163,45:39.0
2622,Kaycee Drivers,kdriversh9@4shared.com,1997234356,2289,21:39.0
2623,Rosanne Honeywood,rhoneywoodha@taobao.com,3561970828,2234,01:13.0
2624,Mozelle Degan,mdeganhb@dot.gov,6586401462,2473,48:29.0
2625,Bogart Grint,bgrinthc@blogs.com,4467147762,2298,37:57.0
2626,Laura Crowch,lcrowchhd@biblegateway.com,4901470038,2098,56:38.0
2627,Donall Hysom,dhysomhe@dailymotion.com,9225596884,2210,29:43.0
2628,Douglas Conybear,dconybearhf@answers.com,2502315483,2434,32:11.0
2629,Iggie Bulward,ibulwardhg@marketwatch.com,9743638010,2308,31:34.0
2630,Mareah Chipp,mchipphh@networkadvertising.org,4861777901,2157,35:02.0
2631,Annabell McCrillis,amccrillishi@howstuffworks.com,3527222683,2319,07:41.0
2632,Slade Ketchaside,sketchasidehj@senate.gov,5005922490,2297,36:28.0
2633,Josefina Ballay,jballayhk@51.la,8488947639,2458,48:21.0
2634,Kelvin Mumbeson,kmumbesonhl@bigcartel.com,4575381835,2473,32:03.0
2635,Marc Nattrass,mnattrasshm@wix.com,2929454358,2334,25:18.0
2636,Kristan Massimo,kmassimohn@wisc.edu,9772130030,2434,48:57.0
2637,Stefa Driffe,sdriffeho@buzzfeed.com,1881412992,2452,59:31.0
2638,Kelcy Bartels-Ellis,kbartelsellishp@zdnet.com,1771105151,2499,58:12.0
2639,Misty Appleford,mapplefordhq@ask.com,4698063283,2492,33:33.0
2640,Shanie Caverhill,,4332984274,2299,26:49.0
2641,Iseabal Bamborough,ibamboroughhs@xinhuanet.com,4629195023,2500,33:16.0
2642,Dillie Vannucci,dvannucciht@gmpg.org,4966199882,2309,05:24.0
2643,,slorrimerhu@who.int,,2391,54:43.0
2644,Hieronymus Borges,hborgeshv@mashable.com,2093656291,2435,25:43.0
2645,Legra Olin,lolinhw@yellowpages.com,1459203704,2103,51:46.0
2646,Tammara Gayler,tgaylerhx@yelp.com,9046674728,2146,59:03.0
2647,Meggi Gallant,mgallanthy@amazon.co.jp,3813047035,2312,37:40.0
2648,Neale Djekic,ndjekichz@deviantart.com,1464991975,2381,14:07.0
2649,Orly Wain,owaini0@theguardian.com,3061480329,2266,01:13.0
2650,Nelie Carverhill,ncarverhilli1@mac.com,7885032850,2404,50:47.0
2651,Deni Larrosa,dlarrosai2@skyrock.com,8364575588,2260,27:18.0
2652,Ashleigh Tams,atamsi3@jigsy.com,7632603278,2053,37:27.0
2653,Nanni Thacke,nthackei4@a8.net,1091476634,2401,07:48.0
2654,Corena Widdowes,cwiddowesi5@parallels.com,2838267760,2267,59:29.0
2655,Erskine Milburne,emilburnei6@cisco.com,3305431294,2144,39:13.0
2656,Sherlock Sawney,ssawneyi7@hubpages.com,3834377974,2438,38:01.0
2657,Agatha Scamaden,ascamadeni8@livejournal.com,8016272505,2426,33:12.0
2658,Denys Coddrington,,1144704046,2234,28:02.0
2659,Marshall Griffithe,mgriffitheia@wsj.com,6796966806,2239,53:00.0
2660,Glenn Paddie,,8549007241,2175,56:10.0
2661,Sharron Lennarde,slennardeic@eepurl.com,6882276269,2152,09:22.0
2662,Ron Warman,rwarmanid@cloudflare.com,7249501031,2290,43:49.0
2663,Talia Osband,tosbandie@statcounter.com,5172824277,2018,04:32.0
2664,Tibold Hamson,thamsonif@nydailynews.com,6787109141,2321,23:05.0
2665,Darwin Lucy,dlucyig@upenn.edu,9149387570,2108,16:03.0
2666,Stephen Spreckley,sspreckleyih@irs.gov,1359803291,2011,26:37.0
2667,Cooper Trounson,ctrounsonii@alexa.com,4679366868,2307,40:56.0
2668,Nanny Gresty,ngrestyij@1688.com,6469126316,2260,47:53.0
2669,Joelly Core,jcoreik@engadget.com,3986066627,2390,47:55.0
2670,Corey La Croce,clail@theguardian.com,8015314316,2128,09:51.0
2671,Link Mibourne,lmibourneim@mayoclinic.com,6148143348,2246,08:47.0
2672,Tersina Benedetti,,3348659602,2460,35:13.0
2673,Ruth Jephson,rjephsonio@jigsy.com,1619599263,2017,18:54.0
2674,,kdannattip@bbc.co.uk,2366460979,2319,28:29.0
2675,Meggie Grinval,mgrinvaliq@sun.com,1162132189,2207,50:30.0
2676,Addy Rayer,arayerir@smh.com.au,1625296126,2369,28:28.0
2677,Ephrayim Priter,epriteris@angelfire.com,2161623359,2368,38:25.0
2678,Vaughan Lots,vlotsit@reddit.com,7412603250,2020,02:12.0
2679,Elihu Vellden,evelldeniu@linkedin.com,7482968775,2134,54:37.0
2680,,csimeoliiv@ask.com,8468920238,2494,05:06.0
2681,Misty Trevance,mtrevanceiw@hubpages.com,1213791431,2131,40:13.0
2682,Gwendolin Newberry,gnewberryix@desdev.cn,,2030,17:26.0
2683,Cherri Hambribe,chambribeiy@netlog.com,7827634412,2375,16:53.0
2684,Ado Booy,abooyiz@abc.net.au,6886228561,2428,51:47.0
2685,,merrichellij0@hibu.com,1514845585,2055,38:57.0
2686,Lorraine Briand,lbriandj1@mlb.com,5485055812,2155,17:26.0
2687,,mjallinj2@netscape.com,9572677808,2295,35:24.0
2688,Blair Twinborough,btwinboroughj3@istockphoto.com,7511513817,2462,56:34.0
2689,Ryley Dikes,rdikesj4@ycombinator.com,9326179099,2144,31:35.0
2690,Lorne Chevolleau,,4516925621,2374,26:40.0
2691,Allen Sautter,asautterj6@over-blog.com,7239512592,2277,40:43.0
2692,Celestyna Kippax,ckippaxj7@wired.com,8478041949,2008,04:38.0
2693,Ernestine Dulinty,edulintyj8@google.com.hk,4874878906,2275,04:56.0
2694,Eustace Fibben,efibbenj9@over-blog.com,6622959535,2257,58:50.0
2695,Ellynn Coller,ecollerja@exblog.jp,4701824078,2127,39:58.0
2696,Nicola Garling,ngarlingjb@netscape.com,3648838877,2251,22:11.0
2697,Bob Kettow,bkettowjc@ustream.tv,9571004792,2027,54:36.0
2698,Oran Curme,ocurmejd@fc2.com,7772659177,2350,35:55.0
2699,Margaretha Farnsworth,mfarnsworthje@theatlantic.com,3954838404,2174,32:05.0
2700,Schuyler Balden,sbaldenjf@t.co,2504933515,2066,49:05.0
2701,Belvia Pabel,bpabeljg@chron.com,7406580459,2463,55:14.0
2702,Saidee Ebbers,sebbersjh@independent.co.uk,2048762129,2247,39:04.0
2703,Dud Durtnel,ddurtnelji@joomla.org,,2073,15:36.0
2704,Wilfrid Machin,wmachinjj@pen.io,2745178566,2390,50:10.0
2705,Liliane  Boyle,loboylejk@weibo.com,9149574330,2029,33:41.0
2706,Winny McKinnell,wmckinnelljl@naver.com,7857940845,2487,23:37.0
2707,Torey Lefever,tlefeverjm@purevolume.com,9306781811,2058,01:42.0
2708,Hilary Blanchflower,hblanchflowerjn@furl.net,,2078,47:31.0
2709,Fee Maitland,fmaitlandjo@t-online.de,5717248453,2489,09:53.0
2710,Gaylor Baitman,gbaitmanjp@desdev.cn,5491904950,2306,54:41.0
2711,Emeline Heinecke,eheineckejq@wordpress.org,7817275257,2026,27:17.0
2712,Kit Watmough,kwatmoughjr@seesaa.net,1068342895,2411,59:25.0
2713,Beauregard Robertsson,brobertssonjs@domainmarket.com,2061013065,2280,22:25.0
2714,Vidovik Hellwich,vhellwichjt@paypal.com,5135221164,2262,45:45.0
2715,Paul Reignould,preignouldju@un.org,4366358168,2317,01:52.0
2716,Ly Mellmer,lmellmerjv@utexas.edu,2987840506,2082,33:19.0
2717,Hal Dulinty,hdulintyjw@moonfruit.com,5658367536,2173,58:18.0
2718,Louis Sailor,lsailorjx@dailymail.co.uk,6646831162,2460,57:19.0
2719,Dionne Gouge,dgougejy@wufoo.com,6315038143,2125,15:50.0
2720,Aggie Valentelli,avalentellijz@google.com.hk,5571923834,2037,16:37.0
2721,Bell Metham,bmethamk0@google.nl,2197442577,2325,04:48.0
2722,Dani Dohrmann,ddohrmannk1@elegantthemes.com,7288267535,2025,21:32.0
2723,,omarteletk2@ft.com,6702216628,2459,57:46.0
2724,Tilly Pocklington,tpocklingtonk3@infoseek.co.jp,5701025616,2454,29:25.0
2725,Lemmy Faircley,lfaircleyk4@cbsnews.com,1166380486,2468,39:36.0
2726,Edan Ayllett,eayllettk5@paypal.com,3875049712,2354,56:53.0
2727,Clim Indge,cindgek6@ask.com,5253761058,2066,59:22.0
2728,Corissa Brewitt,cbrewittk7@mit.edu,2427078106,2370,38:23.0
2729,Rosabelle Topham,rtophamk8@icq.com,5325711225,2226,04:14.0
2730,Noelani Petry,npetryk9@sciencedirect.com,2014289822,2169,26:07.0
2731,Charlena Westmarland,cwestmarlandka@webeden.co.uk,9982701289,2062,26:30.0
2732,Anny Eltringham,aeltringhamkb@toplist.cz,8123537155,2338,48:16.0
2733,Barthel Spensly,bspenslykc@qq.com,9338941511,2051,49:30.0
2734,Edie Ranshaw,eranshawkd@google.com,8596287689,2476,43:23.0
2735,Kelsey Acome,kacomeke@themeforest.net,7641036665,2072,17:58.0
2736,Fayth Hexham,fhexhamkf@go.com,7342528548,2176,44:00.0
2737,Niven Kissell,nkissellkg@bbc.co.uk,3038135176,2445,30:19.0
2738,Melina Visick,mvisickkh@drupal.org,7485896288,2258,24:20.0
2739,Gerladina Rekes,grekeski@sciencedaily.com,4263916210,2019,37:34.0
2740,Vivyan Lowis,vlowiskj@netlog.com,8888452987,2070,12:10.0
2741,Jerry Cordy,jcordykk@webmd.com,6123757438,2299,10:01.0
2742,Dill Carling,,9696679309,2413,24:36.0
2743,Hillary Maggiori,,2317800860,2141,06:18.0
2744,Clair Snookes,csnookeskn@prnewswire.com,4853344137,2419,25:38.0
2745,Roselia Epinoy,repinoyko@hatena.ne.jp,1376517474,2085,37:02.0
2746,,sbladerkp@amazon.co.jp,3813551520,2358,26:09.0
2747,Gerard Grayshan,ggrayshankq@fda.gov,9663889891,2178,07:27.0
2748,Baron Selwyn,bselwynkr@amazon.co.uk,3391166823,2209,12:31.0
2749,Rurik Sainsberry,rsainsberryks@mayoclinic.com,4445730978,2146,03:18.0
2750,Wiley Kolis,wkoliskt@live.com,7541379561,2321,41:20.0
2751,Electra Climer,eclimerku@abc.net.au,,2411,18:23.0
2752,Vanya Eyes,veyeskv@dell.com,6243259594,2038,37:26.0
2753,,cruslenkw@webmd.com,1303653877,2043,57:45.0
2754,Kipper Laurent,klaurentkx@ihg.com,1495211702,2287,50:15.0
2755,Clerkclaude Hatch,chatchky@webeden.co.uk,,2191,22:56.0
2756,Fritz Purser,fpurserkz@google.com.br,5625741144,2202,47:17.0
2757,Nil Stanwix,,3969925923,2060,30:54.0
2758,Rafferty Dufton,rduftonl1@time.com,9514343878,2015,38:33.0
2759,Lynnett Bramley,lbramleyl2@constantcontact.com,2383265619,2381,34:17.0
2760,Earl Luciano,elucianol3@4shared.com,8481147936,2442,42:03.0
2761,Betsy Robyns,brobynsl4@ovh.net,2919060001,2083,42:47.0
2762,Gusty Kneaphsey,gkneaphseyl5@4shared.com,8939458239,2247,38:26.0
2763,Bianka Tritten,btrittenl6@simplemachines.org,3712017205,2133,08:45.0
2764,Kevon Dirr,kdirrl7@howstuffworks.com,5426120355,2475,54:54.0
2765,Kristen Gidney,kgidneyl8@home.pl,8807950782,2283,09:11.0
2766,Pauletta Lavallin,plavallinl9@gravatar.com,,2306,39:08.0
2767,Ira Breakey,ibreakeyla@163.com,2713424508,2192,05:35.0
2768,Currie Bazeley,cbazeleylb@simplemachines.org,4935474657,2470,06:42.0
2769,Aridatha Izakson,aizaksonlc@dropbox.com,5028881521,2110,55:38.0
2770,Raymund Achromov,rachromovld@google.nl,6485543138,2373,12:33.0
2771,Oralla Lewens,olewensle@homestead.com,8179803685,2472,31:10.0
2772,Elfrida Thay,ethaylf@parallels.com,4192560263,2084,04:29.0
2773,Cordy DelaField,cdelafieldlg@twitpic.com,2588892386,2118,04:06.0
2774,Caitlin Vasishchev,cvasishchevlh@independent.co.uk,5339945950,2481,23:56.0
2775,Nickola Fowles,nfowlesli@cnbc.com,5624574810,2149,20:23.0
2776,Raynard Oliva,rolivalj@ftc.gov,3182856385,2032,33:22.0
2777,Judye Boscher,jboscherlk@bandcamp.com,7499602039,2099,22:31.0
2778,Charlotte Skillanders,cskillandersll@mayoclinic.com,5966342017,2267,59:22.0
2779,Catlaina Barkworth,cbarkworthlm@google.it,1126143420,2426,33:18.0
2780,Ruprecht Collyns,rcollynsln@theatlantic.com,3107518403,2178,07:42.0
2781,Pepita Gaitung,pgaitunglo@nps.gov,2885470486,2379,16:54.0
2782,Constantia Tafani,ctafanilp@cocolog-nifty.com,6924090497,2273,13:47.0
2783,Lorri Wooderson,lwoodersonlq@g.co,2465721194,2468,09:18.0
2784,Ronald Gravestone,rgravestonelr@sina.com.cn,9428832105,2474,33:54.0
2785,Timoteo MacCleay,tmaccleayls@webeden.co.uk,7138092673,2021,49:02.0
2786,Sara-ann Warcop,swarcoplt@spiegel.de,3148861097,2042,30:24.0
2787,,asloatlu@csmonitor.com,8318741462,2291,24:03.0
2788,Chryste Hallor,challorlv@jiathis.com,8451696138,2016,57:28.0
2789,Drucie Juliff,djulifflw@fema.gov,,2090,46:12.0
2790,Iolanthe Glader,,3659113419,2436,30:33.0
2791,Christin Short,cshortly@ucoz.com,1046323692,2139,27:16.0
2792,Freddie Matuszyk,fmatuszyklz@washingtonpost.com,9787720017,2178,04:23.0
2793,Sol Bruinemann,sbruinemannm0@mozilla.org,4303280910,2081,15:31.0
2794,Ozzie Miall,omiallm1@networksolutions.com,6285847768,2008,28:44.0
2795,Diena Bram,dbramm2@fema.gov,9022874593,2114,48:58.0
2796,Phillipp Gosdin,pgosdinm3@woothemes.com,3294348601,2052,02:22.0
2797,,fscotcherm4@cnn.com,2751591989,2266,00:01.0
2798,Rachael Quartley,rquartleym5@cloudflare.com,6184148958,2119,13:04.0
2799,Gui Polglase,gpolglasem6@ed.gov,3297010713,2202,30:54.0
2800,Breena Mannagh,bmannaghm7@de.vu,6589462497,2406,27:26.0
2801,Liva Mohammed,lmohammedm8@apple.com,3569542140,2058,21:29.0
2802,,tgerauldm9@mail.ru,8427775564,2030,32:53.0
2803,Mirabella Medcalf,mmedcalfma@geocities.jp,3121095666,2431,35:09.0
2804,Nikolai Chatenier,nchateniermb@phpbb.com,9983063319,2355,35:24.0
2805,Sondra MacRorie,smacroriemc@who.int,8495807355,2459,01:07.0
2806,Warden Dinnington,wdinningtonmd@dagondesign.com,6781025797,2055,35:34.0
2807,Ruperta Mahaddy,rmahaddyme@rediff.com,2263836839,2366,02:28.0
2808,Carmelle Ewbanche,cewbanchemf@seattletimes.com,8818825322,2204,00:25.0
2809,Joane Quadling,jquadlingmg@latimes.com,,2006,18:38.0
2810,Etheline Dabbes,edabbesmh@timesonline.co.uk,6152703354,2484,28:01.0
2811,Marrilee Wimpress,mwimpressmi@photobucket.com,2607878187,2223,14:47.0
2812,Mora Suarez,msuarezmj@mediafire.com,6637855069,2233,29:34.0
2813,Bertine Lanning,blanningmk@phoca.cz,9046141418,2390,52:43.0
2814,Marjorie Zanuciolii,mzanucioliiml@telegraph.co.uk,2203448451,2074,42:18.0
2815,Sharyl Exroll,sexrollmm@craigslist.org,4198674833,2316,47:51.0
2816,Fraze Goodbourn,fgoodbournmn@bbc.co.uk,3065380252,2189,04:20.0
2817,Malissa Hosier,mhosiermo@ed.gov,9999525523,2057,38:28.0
2818,Kessiah Smales,ksmalesmp@nba.com,9075317211,2031,32:02.0
2819,Camellia Semrad,csemradmq@phpbb.com,4533944704,2348,04:36.0
2820,Yetty Dominey,ydomineymr@ovh.net,5997685118,2210,40:51.0
2821,Darb Dallan,ddallanms@delicious.com,8928921966,2178,05:28.0
2822,Shaylyn Storms,sstormsmt@phoca.cz,7721264856,2406,08:27.0
2823,,aopenshawmu@weibo.com,6192516099,2324,08:54.0
2824,Marissa Lamble,mlamblemv@usa.gov,3947726314,2303,26:45.0
2825,Tuck Hitzmann,thitzmannmw@army.mil,4824158429,2005,20:19.0
2826,Mag Goodnow,mgoodnowmx@mayoclinic.com,5399942576,2371,15:04.0
2827,Mikael Pencot,mpencotmy@rediff.com,,2295,54:09.0
2828,Kane Potts,kpottsmz@discuz.net,9142283118,2477,24:28.0
2829,Benjamin Ludman,bludmann0@google.com.au,5825314912,2176,05:20.0
2830,Abbie Antoszczyk,aantoszczykn1@vk.com,4418126916,2326,37:51.0
2831,Dennison Jellis,,9611497674,2001,50:01.0
2832,Chick Gatling,cgatlingn3@reverbnation.com,4805844519,2044,10:57.0
2833,Sib Tomsa,stomsan4@fotki.com,2873686456,2121,03:40.0
2834,Daisy Atling,datlingn5@psu.edu,6562074447,2049,52:29.0
2835,Bradford Kirkbride,bkirkbriden6@vk.com,5824722487,2122,52:10.0
2836,Stacey Hamshaw,shamshawn7@seattletimes.com,4316617435,2164,56:44.0
2837,Dode Kingswoode,dkingswooden8@ocn.ne.jp,5417129581,2286,16:23.0
2838,Brear Keelan,bkeelann9@nps.gov,1768070029,2108,21:02.0
2839,Christyna Denyakin,cdenyakinna@rambler.ru,2544286053,2183,26:35.0
2840,Jere Townley,jtownleynb@cnet.com,9685458681,2244,42:41.0
2841,Roch Georgelin,rgeorgelinnc@house.gov,7429542902,2445,36:37.0
2842,Bibby Upcott,bupcottnd@earthlink.net,3148924601,2189,22:01.0
2843,Ashlin Curmi,acurmine@github.io,7789632155,2492,30:15.0
2844,Abdul Skain,askainnf@weather.com,6519596844,2125,37:45.0
2845,Leonerd Kingman,lkingmanng@washington.edu,2299335012,2130,23:39.0
2846,,asnellernh@pen.io,9122384857,2002,16:07.0
2847,Elbertina Knappen,eknappenni@upenn.edu,1247998846,2054,37:30.0
2848,Les Shavel,lshavelnj@ucla.edu,7327042005,2073,34:52.0
2849,Madeleine Waleworke,mwaleworkenk@disqus.com,2493912830,2067,36:55.0
2850,Hazlett Ponte,hpontenl@ameblo.jp,1477290094,2207,26:11.0
2851,Ileana McBain,imcbainnm@comsenz.com,5887853828,2430,49:08.0
2852,Alta Kedward,akedwardnn@weebly.com,9021036864,2195,27:02.0
2853,Igor Willets,iwilletsno@nsw.gov.au,8585445841,2339,19:35.0
2854,Luelle Healy,lhealynp@eepurl.com,9277600083,2275,06:11.0
2855,Sheffield Tidbold,stidboldnq@digg.com,3796702444,2413,08:24.0
2856,Sophia Dyzart,sdyzartnr@microsoft.com,3396770936,2266,15:51.0
2857,Kessia Abrahim,kabrahimns@theatlantic.com,5886511539,2499,10:50.0
2858,Jacqueline Bonson,jbonsonnt@photobucket.com,7238702042,2295,50:52.0
2859,Ulrica Jantet,ujantetnu@paypal.com,4759394895,2007,17:43.0
2860,Teodor FitzGibbon,tfitzgibbonnv@pcworld.com,1226861394,2006,50:18.0
2861,Rosalinda Esslement,resslementnw@chronoengine.com,,2146,00:55.0
2862,Sherline Ridger,sridgernx@symantec.com,2902745462,2066,34:05.0
2863,Nappie Dumbrell,ndumbrellny@cnn.com,8332986331,2397,39:50.0
2864,Evangelina Brimilcombe,,1654287593,2118,48:06.0
2865,Guss Mathely,gmathelyo0@princeton.edu,6048542089,2412,53:20.0
2866,Richie Mayell,rmayello1@intel.com,7127780313,2446,59:52.0
2867,Charmine Gouldsmith,cgouldsmitho2@hexun.com,2757403567,2436,37:14.0
2868,Leona Manoelli,lmanoellio3@networkadvertising.org,6938125158,2094,27:19.0
2869,Risa Cross,rcrosso4@youtube.com,3875436470,2492,56:58.0
2870,Angel Brickdale,,6206295142,2254,32:17.0
2871,Toby Binyon,tbinyono6@desdev.cn,1312243451,2054,47:23.0
2872,Arlan Allerton,aallertono7@oracle.com,5053694183,2284,55:29.0
2873,Owen Kew,okewo8@go.com,7347089565,2270,05:51.0
2874,Leeland Kleinstern,lkleinsterno9@printfriendly.com,,2124,31:17.0
2875,Bride Easdon,beasdonoa@ihg.com,1434402274,2364,30:12.0
2876,Basilius Stoate,bstoateob@elpais.com,9208827773,2483,17:30.0
2877,Cathryn Kellard,ckellardoc@princeton.edu,3486687516,2348,37:27.0
2878,Thayne Eriksson,terikssonod@mysql.com,6521545848,2438,40:08.0
2879,Jackson Djekic,jdjekicoe@msu.edu,5856518690,2459,20:32.0
2880,Kane MacCumeskey,kmaccumeskeyof@apache.org,,2358,00:42.0
2881,Lana Levay,llevayog@oakley.com,4014052234,2468,15:01.0
2882,Felice  Canavan,focanavanoh@accuweather.com,8415538882,2206,59:27.0
2883,Anna-maria Edgerley,aedgerleyoi@state.gov,9566060546,2024,45:34.0
2884,Jerrylee Cottrill,jcottrilloj@geocities.jp,8812111235,2378,55:05.0
2885,Demetri Bridgewood,dbridgewoodok@angelfire.com,6918239716,2155,12:18.0
2886,Byrann Yuille,byuilleol@ning.com,7075318372,2135,40:51.0
2887,Goran Kingswell,gkingswellom@stanford.edu,4017416233,2448,18:47.0
2888,Nicky Vedenichev,nvedenichevon@usda.gov,9974150593,2229,11:08.0
2889,Kacie Extil,kextiloo@discovery.com,,2111,00:12.0
2890,Camala Wigsell,cwigsellop@bluehost.com,7405269318,2295,59:58.0
2891,Clo Boyle,cboyleoq@sbwire.com,5285552236,2215,46:06.0
2892,Zea Roselli,zrosellior@ucla.edu,5498171800,2122,59:23.0
2893,Rudyard Clausen-Thue,rclausenthueos@wikispaces.com,9583370104,2403,51:44.0
2894,Abbye Barrick,,2326794817,2216,54:16.0
2895,Betsey Whimpenny,,3778599071,2473,59:01.0
2896,Hewett Tozer,htozerov@technorati.com,6951325203,2298,51:12.0
2897,Keene Bennitt,,8862900014,2098,29:57.0
2898,Michail Bendley,mbendleyox@4shared.com,1141971616,2387,03:43.0
2899,Monro Lartice,mlarticeoy@zdnet.com,6554745379,2384,27:20.0
2900,Cassey Durnill,,4043972723,2246,21:42.0
2901,Kenn Greenhowe,kgreenhowep0@aboutads.info,8147534323,2149,53:15.0
2902,Chaddy Keyho,ckeyhop1@fotki.com,3656554489,2251,05:48.0
2903,Raphael Klaaassen,rklaaassenp2@amazon.co.jp,2198175199,2413,45:35.0
2904,Francesco Yelden,fyeldenp3@sina.com.cn,9736643047,2047,24:29.0
2905,Leighton Bodycomb,lbodycombp4@studiopress.com,9208500331,2216,02:35.0
2906,Osbourn Pane,,9084083776,2191,19:16.0
2907,Burt Mifflin,bmifflinp6@lycos.com,3937787821,2008,09:58.0
2908,Siana Struss,sstrussp7@jigsy.com,9083328347,2286,17:29.0
2909,,ltarquinip8@bing.com,1261448398,2173,25:40.0
2910,Alister Hedman,ahedmanp9@paypal.com,8302126607,2167,46:30.0
2911,Brod Kornacki,bkornackipa@t-online.de,7546172057,2392,48:03.0
2912,Angelia Roncelli,aroncellipb@webmd.com,2731980814,2462,48:18.0
2913,Kamillah Northfield,knorthfieldpc@ycombinator.com,1315133874,2086,24:44.0
2914,,jdavydkovpd@nih.gov,2473297877,2018,33:09.0
2915,Humfrid Aingel,haingelpe@mit.edu,8971948884,2333,27:06.0
2916,Willie Bessent,wbessentpf@latimes.com,1483266333,2056,15:52.0
2917,Homerus Nafzger,hnafzgerpg@bandcamp.com,,2440,51:13.0
2918,Westbrooke Redmell,wredmellph@constantcontact.com,4508474208,2110,05:39.0
2919,Raimundo Tuison,rtuisonpi@goo.ne.jp,4501152607,2118,43:42.0
2920,Marcela Bulloch,mbullochpj@businessweek.com,4038924386,2349,28:15.0
2921,Warden Jee,wjeepk@google.pl,4946573013,2471,14:06.0
2922,Ranice McArt,rmcartpl@zdnet.com,8188110069,2016,29:23.0
2923,Vanni Simondson,vsimondsonpm@fastcompany.com,3674129844,2050,47:50.0
2924,Cordie Rupel,crupelpn@imgur.com,2732623010,2322,37:52.0
2925,Galvan Farncombe,gfarncombepo@cdc.gov,7091806036,2146,22:20.0
2926,Willi Girardoni,wgirardonipp@seesaa.net,4576179483,2045,23:45.0
2927,Obadias Bushnell,obushnellpq@statcounter.com,3109660416,2257,43:35.0
2928,Amil Fisbey,afisbeypr@php.net,4269172648,2298,41:30.0
2929,Vivianna Affron,vaffronps@posterous.com,6446180634,2347,08:41.0
2930,Raye Lingley,rlingleypt@ucsd.edu,1517835756,2256,41:12.0
2931,Xymenes Belchamber,xbelchamberpu@google.it,2106424408,2005,53:34.0
2932,Atlante Arger,aargerpv@xrea.com,5632241327,2040,31:18.0
2933,Beverlie Eddie,beddiepw@vistaprint.com,5517562794,2088,54:15.0
2934,Jacenta Sessuns,jsessunspx@who.int,5119854027,2084,21:02.0
2935,Jeffie Huntall,jhuntallpy@elegantthemes.com,2677901309,2265,31:12.0
2936,Mehetabel Pretty,mprettypz@businesswire.com,3258717084,2028,59:22.0
2937,Husain Bonnar,hbonnarq0@typepad.com,4558068012,2027,36:46.0
2938,Brooks Connolly,,8866120978,2255,13:16.0
2939,Averell Verlinden,averlindenq2@purevolume.com,7655743858,2414,08:26.0
2940,Odell Soames,osoamesq3@shop-pro.jp,3353247823,2174,26:42.0
2941,Wilt Abbets,wabbetsq4@reverbnation.com,8033137540,2421,44:19.0
2942,Bren Exley,bexleyq5@elpais.com,7033054258,2080,24:27.0
2943,Griffith Fibbens,gfibbensq6@godaddy.com,5907607729,2072,45:00.0
2944,Gaston Odger,godgerq7@bandcamp.com,4197263471,2072,36:08.0
2945,Adelle Ronayne,aronayneq8@creativecommons.org,1793198110,2485,34:14.0
2946,Sidonia Considine,sconsidineq9@va.gov,1445942709,2284,33:00.0
2947,Thomasine Outibridge,toutibridgeqa@tripadvisor.com,5218899408,2055,11:42.0
2948,Abdel Desmond,adesmondqb@mac.com,5773293290,2333,44:00.0
2949,Emelen Wasselin,ewasselinqc@mit.edu,1578958581,2206,46:20.0
2950,Paloma Zapata,pzapataqd@shinystat.com,4507472407,2318,12:16.0
2951,Tobie Ferrucci,tferrucciqe@msn.com,4104471001,2185,36:26.0
2952,Tracey Stonall,tstonallqf@discovery.com,1057576569,2474,20:31.0
2953,Wenonah Hammor,whammorqg@jugem.jp,8873628436,2211,17:08.0
2954,Norbert Drains,ndrainsqh@etsy.com,4761651702,2243,10:00.0
2955,Kimball Ounsworth,kounsworthqi@icq.com,3807267691,2281,36:47.0
2956,Gibbie Cawthorne,gcawthorneqj@mtv.com,3052750465,2332,46:31.0
2957,Bobinette Willcox,bwillcoxqk@google.com.br,9126045918,2438,10:45.0
2958,Lainey Ingles,linglesql@princeton.edu,2339616936,2467,24:08.0
2959,Casie Pettendrich,cpettendrichqm@psu.edu,5985045821,2108,21:35.0
2960,,adiggerqn@github.com,8165360981,2326,03:54.0
2961,Dominic Townshend,dtownshendqo@fotki.com,3035143762,2330,11:05.0
2962,Maddie Heinzel,mheinzelqp@skype.com,2733049880,2257,24:41.0
2963,Beverie Reddoch,breddochqq@last.fm,9399343224,2229,51:47.0
2964,Jeramie Kinnie,jkinnieqr@apple.com,6673426549,2263,31:20.0
2965,Annabelle Larkins,alarkinsqs@phpbb.com,2198632682,2498,44:02.0
2966,Arden Habbergham,ahabberghamqt@boston.com,6347295256,2005,28:20.0
2967,Stu Grube,sgrubequ@homestead.com,1381116144,2318,00:42.0
2968,Pansie Longworthy,plongworthyqv@storify.com,1631421744,2207,09:02.0
2969,Jerad Bonellie,jbonellieqw@rediff.com,1567514788,2347,14:44.0
2970,Dayle Bavin,dbavinqx@pinterest.com,8156926224,2443,47:07.0
2971,Arvy Viner,avinerqy@hubpages.com,4078754647,2337,26:10.0
2972,Stephine Keen,skeenqz@jugem.jp,4939009587,2370,37:26.0
2973,Robbie End,rendr0@a8.net,9213684951,2150,55:41.0
2974,Arvie Strainge,astrainger1@nba.com,2311913632,2161,25:02.0
2975,Sully Sebyer,ssebyerr2@fema.gov,2767544742,2117,09:16.0
2976,Claire Windeatt,,4044663281,2494,35:56.0
2977,Inigo Ansett,iansettr4@joomla.org,6214887308,2235,00:02.0
2978,Wynne Gynni,wgynnir5@wikipedia.org,3949555181,2129,31:10.0
2979,Petrina Jacks,pjacksr6@skype.com,8737781816,2431,43:54.0
2980,Bartolomeo Bloxam,bbloxamr7@unc.edu,4462403687,2206,03:36.0
2981,Bentley Leander,bleanderr8@ihg.com,5604691714,2349,41:50.0
2982,Ram Pirri,rpirrir9@fema.gov,2863179334,2420,20:15.0
2983,Lanny Eakin,leakinra@dailymotion.com,5332645283,2157,43:57.0
2984,Penrod Thorrington,pthorringtonrb@boston.com,1876406709,2335,03:12.0
2985,Geoff McGroarty,gmcgroartyrc@elpais.com,3999166120,2236,09:46.0
2986,Alexina Abbado,aabbadord@dailymotion.com,4848276357,2285,00:38.0
2987,Lauraine Manicom,lmanicomre@123-reg.co.uk,3077782001,2169,52:32.0
2988,Eleonore Jephson,ejephsonrf@fastcompany.com,9745216396,2294,52:30.0
2989,Mata Baszniak,mbaszniakrg@hibu.com,6393966861,2026,10:57.0
2990,Hallie Conquer,hconquerrh@thetimes.co.uk,3263527245,2316,13:04.0
2991,Wally Klementz,wklementzri@google.cn,5527383439,2196,15:15.0
2992,Richie Yannikov,ryannikovrj@elegantthemes.com,9644370181,2256,11:01.0
2993,Adiana Kleinhandler,akleinhandlerrk@youtube.com,3032144444,2343,16:51.0
2994,Palmer Perle,pperlerl@blinklist.com,,2469,56:55.0
2995,Emmalynn Ruller,erullerrm@sourceforge.net,2685370916,2200,44:08.0
2996,Cesya Ladson,cladsonrn@cdc.gov,2176511697,2237,51:05.0
2997,Julianna Eard,,2811283359,2410,39:59.0
2998,Kirbee Olech,kolechrp@tmall.com,2082065305,2123,14:36.0
2999,Rog Lockless,rlocklessrq@phpbb.com,5154920753,2039,47:37.0
3000,Donall Cornehl,dcornehlrr@nature.com,7115103427,2286,34:56.0
